1,,,You cant leave username empty,You cant leave password empty,Please correct the following errors
2,Tushar,,,You cant leave password empty,Please correct the following errors
3,,123,You cant leave username empty,Please Enter the correct password,Please correct the following errors
4,shi,123,The username is not yet registered,Please Enter the correct password,Please correct the following errors
5,shi$34,123,The username is not yet registered,Please Enter the correct password,Please correct the following errors
6,!#,123,The username is not yet registered,Please Enter the correct password,Please correct the following errors
7,Tushar,abcd,,Please Enter the correct password,Please correct the following errors
8,Tushar,ABCD,,Please Enter the correct password,Please correct the following errors
9,Tushar,Abcd,,Please Enter the correct password,Please correct the following errors
10,Tushar,AB12,,Please Enter the correct password,Please correct the following errors
11,Tushar,ab123,,Please Enter the correct password,Please correct the following errors
12,Tushar,tushar,,Please Enter the correct password,Please correct the following errors
13,Tushar,Tush123,,,
