1,,MeadowRun,Abcd123,Abcd123,varun@gmail.com,1234567890,Please correct the following errors,Your Full Name must between 1 and 20 digits,,,,,
2,J,MeadowRun,Abcd124,Abcd124,varun@gmail.com,1234567890,,,,,,,
3,JohnEdwardSmithSmith,MeadowRun,Abcd125,Abcd125,varun@gmail.com,1234567890,,,,,,,
4,JohnEdwardSmithSmithh,MeadowRun,Abcd126,Abcd126,varun@gmail.com,1234567890,Please correct the following errors,Your Full Name must between 1 and 20 digits,,,,,
5,JohnEdwardSmithSmithJohnEdwardSmithSmithJohnEdwardSmithSmith,MeadowRun,Abcd127,Abcd127,varun@gmail.com,1234567890,Please correct the following errors,Your Full Name must between 1 and 20 digits,,,,,
6,johnedward,MeadowRun,Abcd128,Abcd128,varun@gmail.com,1234567890,Please correct the following errors,Your First Name must start with a capital letter,,,,,
7,Johnsmith,,Abcd129,Abcd129,varun@gmail.com,1234567890,Please correct the following errors,,Your Address must between 1 and 100 Characters,,,,
8,Johnsmith,M,Abcd130,Abcd130,varun@gmail.com,1234567890,,,,,,,
9,Johnsmith,MeadowRunc,Abcd131,Abcd131,varun@gmail.com,1234567890,,,,,,,
10,Johnsmith,MeadowRuncl,Abcd132,Abcd132,varun@gmail.com,1234567890,Please correct the following errors,,Your Address must between 1 and 100 Characters,,,,
11,Johnsmith,MeadowRunClubHouse,Abcd133,Abcd133,varun@gmail.com,1234567890,Please correct the following errors,,Your Address must between 1 and 100 Characters,,,,
12,Johnsmith,meadow,Abcd134,Abcd134,varun@gmail.com,1234567890,Please correct the following errors,,Your Address must start with a capital letter,,,,
13,Johnsmith,MeadowRun,,Abcd135,varun@gmail.com,1234567890,Please correct the following errors,,,Your password must between 6 and 10 digits,,,
14,Johnsmith,MeadowRun,Abcd1,Abcd136,varun@gmail.com,1234567890,Please correct the following errors,,,Your password must between 6 and 10 digits,,,
15,Johnsmith,MeadowRun,Abcd12,Abcd137,varun@gmail.com,1234567890,,,,,,,
16,Johnsmith,MeadowRun,Abcd123456,Abcd138,varun@gmail.com,1234567890,,,,,,,
17,Johnsmith,MeadowRun,Abcd1234567,Abcd139,varun@gmail.com,1234567890,Please correct the following errors,,,Your password must between 6 and 10 digits,,,
18,Johnsmith,MeadowRun,Abcd123456789000000000000,Abcd140,varun@gmail.com,1234567890,Please correct the following errors,,,Your password must between 6 and 10 digits,,,
19,Johnsmith,MeadowRun,Abcd123,,varun@gmail.com,1234567890,Please correct the following errors,,,,Your password must between 6 and 10 digits,,
20,Johnsmith,MeadowRun,Abcd124,Abcd1,varun@gmail.com,1234567890,Please correct the following errors,,,,Your password must between 6 and 10 digits,,
21,Johnsmith,MeadowRun,Abcd125,Abcd12,varun@gmail.com,1234567890,,,,,,,
22,Johnsmith,MeadowRun,Abcd126,Abcd123456,varun@gmail.com,1234567890,,,,,,,
23,Johnsmith,MeadowRun,Abcd127,Abcd1234567,varun@gmail.com,1234567890,Please correct the following errors,,,,Your password must between 6 and 10 digits,,
24,Johnsmith,MeadowRun,Abcd128,Abcd123456789000000000000,varun@gmail.com,1234567890,Please correct the following errors,,,,Your password must between 6 and 10 digits,,
25,Johnsmith,MeadowRun,Abcd129,Abcd123,,1234567890,Please correct the following errors,,,,,Your email must be between 12 and 40 characters,
26,Johnsmith,MeadowRun,Abcd130,Abcd124,a@gmail.com,1234567890,Please correct the following errors,,,,,Your email must be between 12 and 40 characters,
27,Johnsmith,MeadowRun,Abcd131,Abcd125,ab@gmail.com,1234567890,,,,,,,
28,Johnsmith,MeadowRun,Abcd132,Abcd126,abcdabcdabcdabcdabcdabcdabcdab@gmail.com,1234567890,,,,,,,
29,Johnsmith,MeadowRun,Abcd133,Abcd127,abcdabcdabcdabcdabcdabcdabcdaba@gmail.com,1234567890,Please correct the following errors,,,,,Your email must be between 12 and 40 characters,
30,Johnsmith,MeadowRun,Abcd134,Abcd128,abcdabcdabcdabcdabcdabcdabcdabcdabcdabcdaaaaaaaaaaaaaaaa@gmail.com,1234567890,Please correct the following errors,,,,,Your email must be between 12 and 40 characters,
31,Johnsmith,MeadowRun,Abcd135,Abcd129,abcdefghkijkl,1234567890,Please correct the following errors,,,,,your email must have @ and proper extensions,
32,Johnsmith,MeadowRun,Abcd136,Abcd130,abcdefgh@kijkl,1234567890,Please correct the following errors,,,,,your email must have @ and proper extensions,
33,Johnsmith,MeadowRun,Abcd137,Abcd131,varun@gmail.com,,Please correct the following errors,,,,,,please enter the 10 digit phone number
34,Johnsmith,MeadowRun,Abcd138,Abcd132,varun@gmail.com,123456789,Please correct the following errors,,,,,,please enter the 10 digit phone number
35,Johnsmith,MeadowRun,Abcd139,Abcd133,varun@gmail.com,1234567890,,,,,,,
36,Johnsmith,MeadowRun,Abcd140,Abcd134,varun@gmail.com,12345678901,Please correct the following errors,,,,,,please enter the 10 digit phone number
37,Johnsmith,MeadowRun,Abcd141,Abcd135,varun@gmail.com,1.23457E+16,Please correct the following errors,,,,,,please enter the 10 digit phone number
38,Johnsmith,MeadowRun,Abcd142,Abcd136,varun@gmail.com,a123456789,Please correct the following errors,,,,,,you just have to enter numbers
